Workbook

Sheet Start
D1: MSC Articleship Program | Work Simulation
D2: Accounting 1 · Excel: raw export to a register
A4: Tamhini Drivetech Private Limited · purchases of January–March 2027 · Wednesday 21 April 2027
A5: 1. Raw is Pallavi’s Excel copy of the Tally print. Leave it as it came: copy it, never clean it in place.
A6: 2. Register: paste a copy of the bills from row 6, headings in row 5. Take out every row that is not a bill, fix
A7: anything that would trip a formula, and bring each bill’s MSME status into column N from Vendors (exact match).
A8: 3. Tie: total each ledger from your register with SUMIFS, correct Varun’s two figures, and compare with the TB
A9: for the same three months.
A10: 4. Pivot: supplier by month from your register. What one point would you give Rehan?
A11: Enter your answers in the Work Simulation. Cells in pale yellow with a blue border are yours.
A14: Sheets: Raw · Vendors · TB · Varun (his checks and his tie) · Register · Tie · Pivot

Sheet Raw
B1: Tamhini Drivetech Private Limited
B2: B-47, MIDC Chakan Phase II, Pune 410501
B3: Purchase Register
B4: 1-Jan-2027 to 31-Mar-2027
A5: Date | B5: Particulars | C5: Vch No. | D5: Supplier Inv No. | E5: Supplier Inv Date | F5: GSTIN/UIN | G5: Purchase Ledger | H5: Taxable Value | I5: CGST | J5: SGST | K5: IGST | L5: Round Off | M5: Gross Total
A6: 46389 | B6: Kolak Polypack Private Limited | C6: 2251 | D6: KP/26-27/1253 | E6: 46386 | F6: 24WGHCK4121C1Z7 | G6: Purchases – packing materials | H6: 146000 | K6: 26280 | M6: 172280
B7: (Recd 2-1-2027 vide GRN-2027-01-0017)
A8: 46391 | B8: Moshi Corrugators | C8: 2271 | D8: MC/26-27/214 | E8: 46391 | F8: 27YNLPL0717M1Z1 | G8: Purchases – packing materials | H8: 76800 | I8: 1920 | J8: 1920 | M8: 80640
A9: 46394 | B9: Moshi Corrugators | C9: 2305 | D9: MC/26-27/217 | E9: 46394 | F9: 27YNLPL0717M1Z1 | G9: Purchases – packing materials | H9: 86400 | I9: 2160 | J9: 2160 | M9: 90720
B10: (Being 3,600 nos 3-ply boxes, GRN-2027-01-0086)
A11: 46394 | B11: Hebbal Tooling Solutions Private Limited | C11: 2308 | D11: HTS/26-27/0874 | E11: 46391 | F11: 29ZEMCH0865A1ZP | G11: Purchases – stores and consumables | H11: 312500 | K11: 56250 | M11: 368750
A12: 46395 | B12: Mundhwa Lubricants and Chemicals | C12: 2313 | D12: MLC/26-27/1196 | E12: 46395 | F12: 27WHQFM7542F1ZX | G12: Purchases – stores and consumables | H12: 394600 | I12: 35514 | J12: 35514 | M12: 465628
A13: 46400 | B13: Moshi Corrugators | C13: 2367 | D13: MC/26-27/222 | E13: 46400 | F13: 27YNLPL0717M1Z1 | G13: Purchases – packing materials | H13: 92160 | I13: 2304 | J13: 2304 | M13: 96768
A14: 46400 | B14: Alandi Paper Products | C14: 2370 | D14: APP/26-27/0149 | E14: 46399 | F14: 27ZDLPK9230K1ZG | G14: Purchases – packing materials | H14: 240000 | I14: 6000 | J14: 6000 | M14: 252000
A15: 46401 | B15: Hebbal Tooling Solutions Private Limited | C15: 2380 | D15: HTS/26-27/0879 | E15: 46398 | F15: 29ZEMCH0865A1ZP | G15: Purchases – stores and consumables | H15: 328000 | K15: 59040 | M15: 387040
A16: 46405 | B16: Moshi Corrugators | C16: 2421 | D16: MC/26-27/226 | E16: 46405 | F16: 27YNLPL0717M1Z1 | G16: Purchases – packing materials | H16: 86400 | I16: 2160 | J16: 2160 | M16: 90720
A17: 46406 | B17: Kolak Polypack Private Limited | C17: 2434 | D17: KP/26-27/1264 | E17: 46403 | F17: 24WGHCK4121C1Z7 | G17: Purchases – packing materials | H17: 136000 | K17: 24480 | M17: 160480
A18: 46406 | B18: Mundhwa Lubricants and Chemicals | C18: 2437 | D18: MLC/26-27/1238 | E18: 46406 | F18: 27WHQFM7542F1ZX | G18: Purchases – stores and consumables | H18: 348200 | I18: 31338 | J18: 31338 | M18: 410876
A19: 46408 | B19: Hebbal Tooling Solutions Private Limited | C19: 2454 | D19: HTS/26-27/0885 | E19: 46405 | F19: 29ZEMCH0865A1ZP | G19: Purchases – stores and consumables | H19: 297000 | K19: 53460 | M19: 350460
A20: 46409 | B20: Moshi Corrugators | C20: 2467 | D20: MC/26-27/229 | E20: 46409 | F20: 27YNLPL0717M1Z1 | G20: Purchases – packing materials | H20: 72000 | I20: 1800 | J20: 1800 | M20: 75600
A21: 46414 | B21: Mundhwa Lubricants and Chemicals | C21: 2521 | D21: MLC/26-27/1269 | E21: 46414 | F21: 27WHQFM7542F1ZX | G21: Purchases – stores and consumables | H21: 308200 | I21: 27738 | J21: 27738 | M21: 363676
A22: 46415 | B22: Moshi Corrugators | C22: 2529 | D22: MC/26-27/235 | E22: 46415 | F22: 27YNLPL0717M1Z1 | G22: Purchases – packing materials | H22: 85240 | I22: 2131 | J22: 2131 | M22: 89502
A23: 46415 | B23: Hebbal Tooling Solutions Private Limited | C23: 2532 | D23: HTS/26-27/0890 | E23: 46412 | F23: 29ZEMCH0865A1ZP | G23: Purchases – stores and consumables | H23: 346500 | K23: 62370 | M23: 408870
A24: 46416 | B24: Kolak Polypack Private Limited | C24: 2539 | D24: KP/26-27/1276 | E24: 46414 | F24: 24WGHCK4121C1Z7 | G24: Purchases – packing materials | H24: 104000 | K24: 18720 | M24: 122720
A25: 46420 | B25: Moshi Corrugators | C25: 2587 | D25: MC/26-27/240 | E25: 46420 | F25: 27YNLPL0717M1Z1 | G25: Purchases – packing materials | H25: 81600 | I25: 2040 | J25: 2040 | M25: 85680
A26: 46422 | B26: Hebbal Tooling Solutions Private Limited | C26: 2607 | D26: HTS/26-27/0896 | E26: 46419 | F26: 29ZEMCH0865A1ZP | G26: Purchases – stores and consumables | H26: 341000 | K26: 61380 | M26: 402380
B27: Carried Over | H27: 3882600 | I27: 115105 | J27: 115105 | K27: 361980 | M27: 4474790
B28: Purchase Register · Page 2
A29: Date | B29: Particulars | C29: Vch No. | D29: Supplier Inv No. | E29: Supplier Inv Date | F29: GSTIN/UIN | G29: Purchase Ledger | H29: Taxable Value | I29: CGST | J29: SGST | K29: IGST | L29: Round Off | M29: Gross Total
B30: Brought Forward | H30: 3882600 | I30: 115105 | J30: 115105 | K30: 361980 | M30: 4474790
A31: 46422 | B31: Hebbal Tooling Solutions Private Limited | C31: 2607 | D31: HTS/26-27/0896 | E31: 46419 | F31: 29ZEMCH0865A1ZP | G31: Purchases – stores and consumables | H31: 341000 | K31: 61380 | M31: 402380
A32: 46423 | B32: Kolak Polypack Private Limited | C32: 2615 | D32: KP/26-27/1288 | E32: 46421 | F32: 24WGHCK4121C1Z7 | G32: Purchases – packing materials | H32: 132000 | K32: 23760 | M32: 155760
A33: 46424 | B33: Moshi Corrugators | C33: 2628 | D33: MC/26-27/243 | E33: 46424 | F33: 27YNLPL0717M1Z1 | G33: Purchases – packing materials | H33: 90240 | I33: 2256 | J33: 2256 | M33: 94752
A34: 46427 | B34: Mundhwa Lubricants and Chemicals | C34: 2662 | D34: MLC/26-27/1311 | E34: 46427 | F34: 27WHQFM7542F1ZX | G34: Purchases – stores and consumables | H34: 460200 | I34: 41418 | J34: 41418 | M34: 543036
A35: 46428 | B35: Alandi Paper Products | C35: 2670 | D35: APP/26-27/0158 | E35: 46428 | F35: 27ZDLPK9230K1ZG | G35: Purchases – packing materials | H35: 250000 | I35: 6250 | J35: 6250 | M35: 262500
A36: 46429 | B36: Moshi Corrugators | C36: 2683 | D36: MC/26-27/247 | E36: 46429 | F36: 27YNLPL0717M1Z1 | G36: Purchases – packing materials | H36: 78720 | I36: 1968 | J36: 1968 | M36: 82656
A37: 46429 | B37: Hebbal Tooling Solutions Private Limited | C37: 2686 | D37: HTS/26-27/0902 | E37: 46426 | F37: 29ZEMCH0865A1ZP | G37: Purchases – stores and consumables | H37: 318500 | K37: 57330 | M37: 375830
A38: 46434 | B38: Moshi Corrugators | C38: 2737 | D38: MC/26-27/251 | E38: 46434 | F38: 27YNLPL0717M1Z1 | G38: Purchases – packing materials | H38: 88320 | I38: 2208 | J38: 2208 | M38: 92736
A39: 46436 | B39: Kolak Polypack Private Limited | C39: 2758 | D39: KP/26-27/1301 | E39: 46433 | F39: 24WGHCK4121C1Z7 | G39: Purchases – packing materials | H39: 138500.00 | K39: 24930.00 | M39: 163430.00
A40: 46436 | B40: Mundhwa Lubricants and Chemicals | C40: 2761 | D40: MLC/26-27/1347 | E40: 46436 | F40: 27WHQFM7542F1ZX | G40: Purchases – stores and consumables | H40: 378000 | I40: 34020 | J40: 34020 | M40: 446040
A41: 46436 | B41: (cancelled) | C41: 2762
A42: 46436 | B42: Hebbal Tooling Solutions Private Limited | C42: 2764 | D42: HTS/26-27/0907 | E42: 46433 | F42: 29ZEMCH0865A1ZP | G42: Purchases – stores and consumables | H42: 332000 | K42: 59760 | M42: 391760
A43: 46440 | B43: Moshi Corrugators | C43: 2804 | D43: MC/26-27/256 | E43: 46440 | F43: 27YNLPL0717M1Z1 | G43: Purchases – packing materials | H43: 83520 | I43: 2088 | J43: 2088 | M43: 87696
A44: 46441 | B44: Hebbal Tooling Solutions Private Limited | C44: 2812 | D44: HTS/26-27/0912 | E44: 46438 | F44: 29ZEMCH0865A1ZP | G44: Purchases – stores and consumables | H44: 323500 | K44: 58230 | M44: 381730
A45: 46443 | B45: Mundhwa Lubricants and Chemicals | C45: 2833 | D45: MLC/26-27/1372 | E45: 46443 | F45: 27WHQFM7542F1ZX | G45: Purchases – stores and consumables | H45: 237800 | I45: 21402 | J45: 21402 | M45: 280604
A46: 46444 | B46: Moshi Corrugators | C46: 2846 | D46: MC/26-27/260 | E46: 46444 | F46: 27YNLPL0717M1Z1 | G46: Purchases – packing materials | H46: 84600 | I46: 2115 | J46: 2115 | M46: 88830
A47: 46444 | B47: Kolak Polypack Private Limited | C47: 2849 | D47: KP/26-27/1317 | E47: 46442 | F47: 24WGHCK4121C1Z7 | G47: Purchases – packing materials | H47: 125500 | K47: 22590 | M47: 148090
A48: 46448 | B48: Moshi Corrugators | C48: 2892 | D48: MC/26-27/264 | E48: 46448 | F48: 27YNLPL0717M1Z1 | G48: Purchases – packing materials | H48: 88800 | I48: 2220 | J48: 2220 | M48: 93240
A49: 46450 | B49: Hebbal Tooling Solutions Private Limited | C49: 2912 | D49: HTS/26-27/0917 | E49: 46444 | F49: 29ZEMCH0865A1ZP | G49: Purchases – stores and consumables | H49: 320000 | K49: 57600 | M49: 377600
B50: (Recd 4-3-2027 vide GRN-2027-03-0052, LR 22184)
A51: 46451 | B51: Moshi Corrugators | C51: 2920 | D51: MC/26-27/266 | E51: 46451 | F51: 27YNLPL0717M1Z1 | G51: Purchases – packing materials | H51: 93600 | I51: 2340 | J51: 2340 | M51: 98280
A52: 46454 | B52: Mundhwa Lubricants and Chemicals | C52: 2954 | D52: MLC/26-27/1391 | E52: 46454 | F52: 27WHQFM7542F1ZX | G52: Purchases – stores and consumables | H52: 426300 | I52: 38367 | J52: 38367 | M52: 503034
B53: Carried Over | H53: 7932700 | I53: 271757 | J53: 271757 | K53: 666180 | M53: 9142394
B54: Purchase Register · Page 3
A55: Date | B55: Particulars | C55: Vch No. | D55: Supplier Inv No. | E55: Supplier Inv Date | F55: GSTIN/UIN | G55: Purchase Ledger | H55: Taxable Value | I55: CGST | J55: SGST | K55: IGST | L55: Round Off | M55: Gross Total
B56: Brought Forward | H56: 7932700 | I56: 271757 | J56: 271757 | K56: 666180 | M56: 9142394
A57: 46455 | B57: Moshi Corrugators | C57: 2967 | D57: MC/26-27/270 | E57: 46455 | F57: 27YNLPL0717M1Z1 | G57: Purchases – packing materials | H57: 86880 | I57: 2172 | J57: 2172 | M57: 91224
A58: 46455 | B58: Kolak Polypack Private Limited | C58: 2970 | D58: KP/26-27/1326 | E58: 46452 | F58: 24WGHCK4121C1Z7 | G58: Purchases – packing materials | H58: 178600 | K58: 32148 | M58: 210748
B59: (Being VCI bags and film, GRN-2027-03-0131)
A60: 46458 | B60: Moshi Corrugators | C60: 3001 | D60: MC/26-27/273 | E60: 46458 | F60: 27YNLPL0717M1Z1 | G60: Purchases – packing materials | H60: 91200 | I60: 2280 | J60: 2280 | M60: 95760
A61: 46459 | B61: Hebbal Tooling Solutions Private Limited | C61: 3008 | D61: HTS/26-27/0979 | E61: 46456 | F61: 29ZEMCH0865A1ZP | G61: Purchases – stores and consumables | H61: 258400 | K61: 46512 | M61: 304912
A62: 46463 | B62: Moshi Corrugators | C62: 3055 | D62: MC/26-27/277 | E62: 46463 | F62: 27YNLPL0717M1Z1 | G62: Purchases – packing materials | H62: 94080 | I62: 2352 | J62: 2352 | M62: 98784
A63: 46465 | B63: Mundhwa Lubricants and Chemicals | C63: 3076 | D63: MLC/26-27/1404 | E63: 46465 | F63: 27WHQFM7542F1ZX | G63: Purchases – stores and consumables | H63: 391840 | I63: 35265.6 | J63: 35265.6 | M63: 462371.2
A64: 46468 | B64: Moshi Corrugators | C64: 3110 | D64: MC/26-27/281 | E64: 46468 | F64: 27YNLPL0717M1Z1 | G64: Purchases – packing materials | H64: 89760 | I64: 2244 | J64: 2244 | M64: 94248
A65: 46473 | B65: Moshi Corrugators | C65: 3160 | D65: MC/26-27/286 | E65: 46473 | F65: 27YNLPL0717M1Z1 | G65: Purchases – packing materials | H65: 115200 | I65: 6912 | J65: 6912 | M65: 129024
A66: 46475 | B66: Hebbal Tooling Solutions Private Limited | C66: 3171 | D66: HTS/26-27/1042 | E66: 46470 | F66: 29ZEMCH0865A1ZP | G66: Purchases – stores and consumables | H66: 721600 | K66: 129888 | M66: 851488
A67: 46475 | B67: Kolak Polypack Private Limited | C67: 3173 | D67: KP/26-27/1342 | E67: 46471 | F67: 24WGHCK4121C1Z7 | G67: Purchases – packing materials | H67: 212400 | K67: 38232 | M67: 250632
A68: 46476 | B68: Moshi Corrugators | C68: 3195 | D68: MC/26-27/289 | E68: 46476 | F68: 27YNLPL0717M1Z1 | G68: Purchases – packing materials | H68: 88480 | I68: 2212 | J68: 2212 | M68: 92904
A69: 46477 | B69: Mundhwa Lubricants and Chemicals | C69: 3219 | D69: MLC/26-27/1418 | E69: 46477 | F69: 27WHQFM7542F1ZX | G69: Purchases – stores and consumables | H69: 244860 | I69: 22037.4 | J69: 22037.4 | L69: 0.2 | M69: 288935
B71: Grand Total | H71: 10506000 | I71: 347232 | J71: 347232 | K71: 912960 | L71: 0.2 | M71: 12113424

Sheet Vendors
A1: Tamhini Drivetech Private Limited · Vendor master (extract)
A2: Printed 20-04-2027
A3: Vendor | B3: GSTIN | C3: PAN | D3: State | E3: Vendor code | F3: Place | G3: MSME | H3: Credit days
A4: Ghanekar Alloy Steels Private Limited | B4: 27UMVCG6849R1ZY | C4: UMVCG6849R | D4: Maharashtra | E4: VEN-1001 | F4: Jalna | G4: – | H4: 60
A5: Kharun Steels Private Limited | B5: 22UFLCK0414F1Z9 | C5: UFLCK0414F | D5: Chhattisgarh | E5: VEN-1002 | F5: Raipur | G5: – | H5: 60
A6: Rankala Forgings Private Limited | B6: 27UJPCR7248B1Z1 | C6: UJPCR7248B | D6: Maharashtra | E6: VEN-1003 | F6: Kolhapur | G6: Small | H6: 45
A7: Bhadar Forge and Engineering Private Limited | B7: 24YLTCB8047E1Z6 | C7: YLTCB8047E | D7: Gujarat | E7: VEN-1004 | F7: Rajkot | G7: – | H7: 60
A8: Vishwamitri Bearings Private Limited | B8: 24UQQCV0863H1ZL | C8: UQQCV0863H | D8: Gujarat | E8: VEN-1005 | F8: Vadodara | G8: – | H8: 60
A9: Palar Seals and Gaskets Private Limited | B9: 33VMJCP6724Z1Z1 | C9: VMJCP6724Z | D9: Tamil Nadu | E9: VEN-1006 | F9: Chennai | G9: – | H9: 60
A10: Sohna Friction Products Private Limited | B10: 06ZDICS4933L1Z4 | C10: ZDICS4933L | D10: Haryana | E10: VEN-1007 | F10: Gurugram | G10: – | H10: 60
A11: Phillaur Fasteners Private Limited | B11: 03UBZCP4197S1ZJ | C11: UBZCP4197S | D11: Punjab | E11: VEN-1008 | F11: Ludhiana | G11: Small | H11: 45
A12: Hebbal Tooling Solutions Private Limited | B12: 29ZEMCH0865A1ZP | C12: ZEMCH0865A | D12: Karnataka | E12: VEN-1009 | F12: Bengaluru | G12: – | H12: 45
A13: Mundhwa Lubricants and Chemicals | B13: 27WHQFM7542F1ZX | C13: WHQFM7542F | D13: Maharashtra | E13: VEN-1010 | F13: Pune | G13: – | H13: 30
A14: Moshi Corrugators (Prop. Ramesh Landge) | B14: 27YNLPL0717M1Z1 | C14: YNLPL0717M | D14: Maharashtra | E14: VEN-1011 | F14: Pune | G14: Micro | H14: 30
A15: Alandi Paper Products (Prop. Kiran Kurhade) | B15: 27ZDLPK9230K1ZG | C15: ZDLPK9230K | D15: Maharashtra | E15: VEN-1012 | F15: Alandi | G15: Micro | H15: 30
... A18: Sakhare Surface Treatment | B18: 27ZJGPS6000S1ZY | C18: ZJGPS6000S | D18: Maharashtra | E18: VEN-1015 | F18: Chakan | G18: Micro | H18: 30

Sheet TB
A1: Tamhini Drivetech Private Limited
A2: Trial Balance · 1-Jan-2027 to 31-Mar-2027 · extract, typed from the Tally print
A4: Particulars | B4: Opening Balance (Dr) | C4: Transactions: Debit | D4: Transactions: Credit | E4: Closing Balance (Dr)
A5: Purchases – raw materials | B5: 409005000 | C5: 139995000 | E5: 549000000
A6: Purchases – bought-out parts | B6: 24734000 | C6: 8466000 | E6: 33200000
A7: Purchases – traded goods | B7: 109366000 | C7: 37434000 | E7: 146800000
A8: Purchases – stores and consumables | B8: 20711000 | C8: 7089000 | E8: 27800000
A9: Purchases – packing materials | B9: 9983000 | C9: 3417000 | E9: 13400000
A10: Purchase Accounts | B10: 573799000 | C10: 196401000 | E10: 770200000

Sheet Varun
B1: Tamhini Drivetech Private Limited
B2: B-47, MIDC Chakan Phase II, Pune 410501
B3: Purchase Register
B4: 1-Jan-2027 to 31-Mar-2027 | Q4: Ledger | R4: Register (SUMIFS) | S4: TB | T4: Difference
A5: Date | B5: Particulars | C5: Vch No. | D5: Supplier Inv No. | E5: Supplier Inv Date | F5: GSTIN/UIN | G5: Purchase Ledger | H5: Taxable Value | I5: CGST | J5: SGST | K5: IGST | L5: Round Off | M5: Gross Total | N5: MSME (lookup) | O5: Same party + amount | Q5: Purchases – packing materials | R5: =SUMIFS($H$6:$H$71, $G$6:$G$71, Q5) -> 3278500 | S5: 13400000 | T5: =R5-S5 -> -10121500
A6: 46389 | B6: Kolak Polypack Private Limited | C6: 2251 | D6: KP/26-27/1253 | E6: 46386 | F6: 24WGHCK4121C1Z7 | G6: Purchases – packing materials | H6: 146000 | K6: 26280 | M6: 172280 | N6: =VLOOKUP(F6, Vendors!$B$4:$H$18, 6, FALSE) -> Small | O6: =IF(ISNUMBER(H6), COUNTIFS($B$6:$B$71, B6, $H$6:$H$71, H6), 0) -> 1 | Q6: Purchases – stores and consumables | R6: =SUMIFS($H$6:$H$71, $G$6:$G$71, Q6) -> 7430000 | S6: 27800000 | T6: =R6-S6 -> -20370000
B7: (Recd 2-1-2027 vide GRN-2027-01-0017) | N7: =VLOOKUP(F7, Vendors!$B$4:$H$18, 6, FALSE) -> #N/A | O7: =IF(ISNUMBER(H7), COUNTIFS($B$6:$B$71, B7, $H$6:$H$71, H7), 0) -> 0 | Q7: Total | R7: =R5+R6 -> 10708500 | S7: =S5+S6 -> 41200000 | T7: =T5+T6 -> -30491500
A8: 46391 | B8: Moshi Corrugators | C8: 2271 | D8: MC/26-27/214 | E8: 46391 | F8: 27YNLPL0717M1Z1 | G8: Purchases – packing materials | H8: 76800 | I8: 1920 | J8: 1920 | M8: 80640 | N8: =VLOOKUP(F8, Vendors!$B$4:$H$18, 6, FALSE) -> Micro | O8: =IF(ISNUMBER(H8), COUNTIFS($B$6:$B$71, B8, $H$6:$H$71, H8), 0) -> 1
A9: 46394 | B9: Moshi Corrugators | C9: 2305 | D9: MC/26-27/217 | E9: 46394 | F9: 27YNLPL0717M1Z1 | G9: Purchases – packing materials | H9: 86400 | I9: 2160 | J9: 2160 | M9: 90720 | N9: =VLOOKUP(F9, Vendors!$B$4:$H$18, 6, FALSE) -> Micro | O9: =IF(ISNUMBER(H9), COUNTIFS($B$6:$B$71, B9, $H$6:$H$71, H9), 0) -> 2 | Q9: Doesn’t tie. Out by crores on both??
B10: (Being 3,600 nos 3-ply boxes, GRN-2027-01-0086) | N10: =VLOOKUP(F10, Vendors!$B$4:$H$18, 6, FALSE) -> #N/A | O10: =IF(ISNUMBER(H10), COUNTIFS($B$6:$B$71, B10, $H$6:$H$71, H10), 0) -> 0 | Q10: Will look again tomorrow. V
A11: 46394 | B11: Hebbal Tooling Solutions Private Limited | C11: 2308 | D11: HTS/26-27/0874 | E11: 46391 | F11: 29ZEMCH0865A1ZP | G11: Purchases – stores and consumables | H11: 312500 | K11: 56250 | M11: 368750 | N11: =VLOOKUP(F11, Vendors!$B$4:$H$18, 6, FALSE) -> – | O11: =IF(ISNUMBER(H11), COUNTIFS($B$6:$B$71, B11, $H$6:$H$71, H11), 0) -> 1
A12: 46395 | B12: Mundhwa Lubricants and Chemicals | C12: 2313 | D12: MLC/26-27/1196 | E12: 46395 | F12: 27WHQFM7542F1ZX | G12: Purchases – stores and consumables | H12: 394600 | I12: 35514 | J12: 35514 | M12: 465628 | N12: =VLOOKUP(F12, Vendors!$B$4:$H$18, 6, FALSE) -> – | O12: =IF(ISNUMBER(H12), COUNTIFS($B$6:$B$71, B12, $H$6:$H$71, H12), 0) -> 1
A13: 46400 | B13: Moshi Corrugators | C13: 2367 | D13: MC/26-27/222 | E13: 46400 | F13: 27YNLPL0717M1Z1 | G13: Purchases – packing materials | H13: 92160 | I13: 2304 | J13: 2304 | M13: 96768 | N13: =VLOOKUP(F13, Vendors!$B$4:$H$18, 6, FALSE) -> Micro | O13: =IF(ISNUMBER(H13), COUNTIFS($B$6:$B$71, B13, $H$6:$H$71, H13), 0) -> 1
A14: 46400 | B14: Alandi Paper Products | C14: 2370 | D14: APP/26-27/0149 | E14: 46399 | F14: 27ZDLPK9230K1ZG | G14: Purchases – packing materials | H14: 240000 | I14: 6000 | J14: 6000 | M14: 252000 | N14: =VLOOKUP(F14, Vendors!$B$4:$H$18, 6, FALSE) -> Micro | O14: =IF(ISNUMBER(H14), COUNTIFS($B$6:$B$71, B14, $H$6:$H$71, H14), 0) -> 1
A15: 46401 | B15: Hebbal Tooling Solutions Private Limited | C15: 2380 | D15: HTS/26-27/0879 | E15: 46398 | F15: 29ZEMCH0865A1ZP | G15: Purchases – stores and consumables | H15: 328000 | K15: 59040 | M15: 387040 | N15: =VLOOKUP(F15, Vendors!$B$4:$H$18, 6, FALSE) -> – | O15: =IF(ISNUMBER(H15), COUNTIFS($B$6:$B$71, B15, $H$6:$H$71, H15), 0) -> 1
A16: 46405 | B16: Moshi Corrugators | C16: 2421 | D16: MC/26-27/226 | E16: 46405 | F16: 27YNLPL0717M1Z1 | G16: Purchases – packing materials | H16: 86400 | I16: 2160 | J16: 2160 | M16: 90720 | N16: =VLOOKUP(F16, Vendors!$B$4:$H$18, 6, FALSE) -> Micro | O16: =IF(ISNUMBER(H16), COUNTIFS($B$6:$B$71, B16, $H$6:$H$71, H16), 0) -> 2
A17: 46406 | B17: Kolak Polypack Private Limited | C17: 2434 | D17: KP/26-27/1264 | E17: 46403 | F17: 24WGHCK4121C1Z7 | G17: Purchases – packing materials | H17: 136000 | K17: 24480 | M17: 160480 | N17: =VLOOKUP(F17, Vendors!$B$4:$H$18, 6, FALSE) -> Small | O17: =IF(ISNUMBER(H17), COUNTIFS($B$6:$B$71, B17, $H$6:$H$71, H17), 0) -> 1
A18: 46406 | B18: Mundhwa Lubricants and Chemicals | C18: 2437 | D18: MLC/26-27/1238 | E18: 46406 | F18: 27WHQFM7542F1ZX | G18: Purchases – stores and consumables | H18: 348200 | I18: 31338 | J18: 31338 | M18: 410876 | N18: =VLOOKUP(F18, Vendors!$B$4:$H$18, 6, FALSE) -> #N/A | O18: =IF(ISNUMBER(H18), COUNTIFS($B$6:$B$71, B18, $H$6:$H$71, H18), 0) -> 1
A19: 46408 | B19: Hebbal Tooling Solutions Private Limited | C19: 2454 | D19: HTS/26-27/0885 | E19: 46405 | F19: 29ZEMCH0865A1ZP | G19: Purchases – stores and consumables | H19: 297000 | K19: 53460 | M19: 350460 | N19: =VLOOKUP(F19, Vendors!$B$4:$H$18, 6, FALSE) -> – | O19: =IF(ISNUMBER(H19), COUNTIFS($B$6:$B$71, B19, $H$6:$H$71, H19), 0) -> 1
A20: 46409 | B20: Moshi Corrugators | C20: 2467 | D20: MC/26-27/229 | E20: 46409 | F20: 27YNLPL0717M1Z1 | G20: Purchases – packing materials | H20: 72000 | I20: 1800 | J20: 1800 | M20: 75600 | N20: =VLOOKUP(F20, Vendors!$B$4:$H$18, 6, FALSE) -> Micro | O20: =IF(ISNUMBER(H20), COUNTIFS($B$6:$B$71, B20, $H$6:$H$71, H20), 0) -> 1
A21: 46414 | B21: Mundhwa Lubricants and Chemicals | C21: 2521 | D21: MLC/26-27/1269 | E21: 46414 | F21: 27WHQFM7542F1ZX | G21: Purchases – stores and consumables | H21: 308200 | I21: 27738 | J21: 27738 | M21: 363676 | N21: =VLOOKUP(F21, Vendors!$B$4:$H$18, 6, FALSE) -> – | O21: =IF(ISNUMBER(H21), COUNTIFS($B$6:$B$71, B21, $H$6:$H$71, H21), 0) -> 1
A22: 46415 | B22: Moshi Corrugators | C22: 2529 | D22: MC/26-27/235 | E22: 46415 | F22: 27YNLPL0717M1Z1 | G22: Purchases – packing materials | H22: 85240 | I22: 2131 | J22: 2131 | M22: 89502 | N22: =VLOOKUP(F22, Vendors!$B$4:$H$18, 6, FALSE) -> Micro | O22: =IF(ISNUMBER(H22), COUNTIFS($B$6:$B$71, B22, $H$6:$H$71, H22), 0) -> 1
A23: 46415 | B23: Hebbal Tooling Solutions Private Limited | C23: 2532 | D23: HTS/26-27/0890 | E23: 46412 | F23: 29ZEMCH0865A1ZP | G23: Purchases – stores and consumables | H23: 346500 | K23: 62370 | M23: 408870 | N23: =VLOOKUP(F23, Vendors!$B$4:$H$18, 6, FALSE) -> – | O23: =IF(ISNUMBER(H23), COUNTIFS($B$6:$B$71, B23, $H$6:$H$71, H23), 0) -> 1
A24: 46416 | B24: Kolak Polypack Private Limited | C24: 2539 | D24: KP/26-27/1276 | E24: 46414 | F24: 24WGHCK4121C1Z7 | G24: Purchases – packing materials | H24: 104000 | K24: 18720 | M24: 122720 | N24: =VLOOKUP(F24, Vendors!$B$4:$H$18, 6, FALSE) -> Small | O24: =IF(ISNUMBER(H24), COUNTIFS($B$6:$B$71, B24, $H$6:$H$71, H24), 0) -> 1
A25: 46420 | B25: Moshi Corrugators | C25: 2587 | D25: MC/26-27/240 | E25: 46420 | F25: 27YNLPL0717M1Z1 | G25: Purchases – packing materials | H25: 81600 | I25: 2040 | J25: 2040 | M25: 85680 | N25: =VLOOKUP(F25, Vendors!$B$4:$H$18, 6, FALSE) -> Micro | O25: =IF(ISNUMBER(H25), COUNTIFS($B$6:$B$71, B25, $H$6:$H$71, H25), 0) -> 1
A26: 46422 | B26: Hebbal Tooling Solutions Private Limited | C26: 2607 | D26: HTS/26-27/0896 | E26: 46419 | F26: 29ZEMCH0865A1ZP | G26: Purchases – stores and consumables | H26: 341000 | K26: 61380 | M26: 402380 | N26: =VLOOKUP(F26, Vendors!$B$4:$H$18, 6, FALSE) -> – | O26: =IF(ISNUMBER(H26), COUNTIFS($B$6:$B$71, B26, $H$6:$H$71, H26), 0) -> 2
B27: Carried Over | H27: 3882600 | I27: 115105 | J27: 115105 | K27: 361980 | M27: 4474790 | N27: =VLOOKUP(F27, Vendors!$B$4:$H$18, 6, FALSE) -> #N/A | O27: =IF(ISNUMBER(H27), COUNTIFS($B$6:$B$71, B27, $H$6:$H$71, H27), 0) -> 1
B28: Purchase Register · Page 2 | N28: =VLOOKUP(F28, Vendors!$B$4:$H$18, 6, FALSE) -> #N/A | O28: =IF(ISNUMBER(H28), COUNTIFS($B$6:$B$71, B28, $H$6:$H$71, H28), 0) -> 0
A29: Date | B29: Particulars | C29: Vch No. | D29: Supplier Inv No. | E29: Supplier Inv Date | F29: GSTIN/UIN | G29: Purchase Ledger | H29: Taxable Value | I29: CGST | J29: SGST | K29: IGST | L29: Round Off | M29: Gross Total | N29: =VLOOKUP(F29, Vendors!$B$4:$H$18, 6, FALSE) -> #N/A | O29: =IF(ISNUMBER(H29), COUNTIFS($B$6:$B$71, B29, $H$6:$H$71, H29), 0) -> 0
B30: Brought Forward | H30: 3882600 | I30: 115105 | J30: 115105 | K30: 361980 | M30: 4474790 | N30: =VLOOKUP(F30, Vendors!$B$4:$H$18, 6, FALSE) -> #N/A | O30: =IF(ISNUMBER(H30), COUNTIFS($B$6:$B$71, B30, $H$6:$H$71, H30), 0) -> 1
A31: 46422 | B31: Hebbal Tooling Solutions Private Limited | C31: 2607 | D31: HTS/26-27/0896 | E31: 46419 | F31: 29ZEMCH0865A1ZP | G31: Purchases – stores and consumables | H31: 341000 | K31: 61380 | M31: 402380 | N31: =VLOOKUP(F31, Vendors!$B$4:$H$18, 6, FALSE) -> – | O31: =IF(ISNUMBER(H31), COUNTIFS($B$6:$B$71, B31, $H$6:$H$71, H31), 0) -> 2
A32: 46423 | B32: Kolak Polypack Private Limited | C32: 2615 | D32: KP/26-27/1288 | E32: 46421 | F32: 24WGHCK4121C1Z7 | G32: Purchases – packing materials | H32: 132000 | K32: 23760 | M32: 155760 | N32: =VLOOKUP(F32, Vendors!$B$4:$H$18, 6, FALSE) -> Small | O32: =IF(ISNUMBER(H32), COUNTIFS($B$6:$B$71, B32, $H$6:$H$71, H32), 0) -> 1
A33: 46424 | B33: Moshi Corrugators | C33: 2628 | D33: MC/26-27/243 | E33: 46424 | F33: 27YNLPL0717M1Z1 | G33: Purchases – packing materials | H33: 90240 | I33: 2256 | J33: 2256 | M33: 94752 | N33: =VLOOKUP(F33, Vendors!$B$4:$H$18, 6, FALSE) -> Micro | O33: =IF(ISNUMBER(H33), COUNTIFS($B$6:$B$71, B33, $H$6:$H$71, H33), 0) -> 1
A34: 46427 | B34: Mundhwa Lubricants and Chemicals | C34: 2662 | D34: MLC/26-27/1311 | E34: 46427 | F34: 27WHQFM7542F1ZX | G34: Purchases – stores and consumables | H34: 460200 | I34: 41418 | J34: 41418 | M34: 543036 | N34: =VLOOKUP(F34, Vendors!$B$4:$H$18, 6, FALSE) -> – | O34: =IF(ISNUMBER(H34), COUNTIFS($B$6:$B$71, B34, $H$6:$H$71, H34), 0) -> 1
A35: 46428 | B35: Alandi Paper Products | C35: 2670 | D35: APP/26-27/0158 | E35: 46428 | F35: 27ZDLPK9230K1ZG | G35: Purchases – packing materials | H35: 250000 | I35: 6250 | J35: 6250 | M35: 262500 | N35: =VLOOKUP(F35, Vendors!$B$4:$H$18, 6, FALSE) -> Micro | O35: =IF(ISNUMBER(H35), COUNTIFS($B$6:$B$71, B35, $H$6:$H$71, H35), 0) -> 1
A36: 46429 | B36: Moshi Corrugators | C36: 2683 | D36: MC/26-27/247 | E36: 46429 | F36: 27YNLPL0717M1Z1 | G36: Purchases – packing materials | H36: 78720 | I36: 1968 | J36: 1968 | M36: 82656 | N36: =VLOOKUP(F36, Vendors!$B$4:$H$18, 6, FALSE) -> Micro | O36: =IF(ISNUMBER(H36), COUNTIFS($B$6:$B$71, B36, $H$6:$H$71, H36), 0) -> 1
A37: 46429 | B37: Hebbal Tooling Solutions Private Limited | C37: 2686 | D37: HTS/26-27/0902 | E37: 46426 | F37: 29ZEMCH0865A1ZP | G37: Purchases – stores and consumables | H37: 318500 | K37: 57330 | M37: 375830 | N37: =VLOOKUP(F37, Vendors!$B$4:$H$18, 6, FALSE) -> – | O37: =IF(ISNUMBER(H37), COUNTIFS($B$6:$B$71, B37, $H$6:$H$71, H37), 0) -> 1
A38: 46434 | B38: Moshi Corrugators | C38: 2737 | D38: MC/26-27/251 | E38: 46434 | F38: 27YNLPL0717M1Z1 | G38: Purchases – packing materials | H38: 88320 | I38: 2208 | J38: 2208 | M38: 92736 | N38: =VLOOKUP(F38, Vendors!$B$4:$H$18, 6, FALSE) -> Micro | O38: =IF(ISNUMBER(H38), COUNTIFS($B$6:$B$71, B38, $H$6:$H$71, H38), 0) -> 1
A39: 46436 | B39: Kolak Polypack Private Limited | C39: 2758 | D39: KP/26-27/1301 | E39: 46433 | F39: 24WGHCK4121C1Z7 | G39: Purchases – packing materials | H39: 138500.00 | K39: 24930.00 | M39: 163430.00 | N39: =VLOOKUP(F39, Vendors!$B$4:$H$18, 6, FALSE) -> Small | O39: =IF(ISNUMBER(H39), COUNTIFS($B$6:$B$71, B39, $H$6:$H$71, H39), 0) -> 0
A40: 46436 | B40: Mundhwa Lubricants and Chemicals | C40: 2761 | D40: MLC/26-27/1347 | E40: 46436 | F40: 27WHQFM7542F1ZX | G40: Purchases – stores and consumables | H40: 378000 | I40: 34020 | J40: 34020 | M40: 446040 | N40: =VLOOKUP(F40, Vendors!$B$4:$H$18, 6, FALSE) -> – | O40: =IF(ISNUMBER(H40), COUNTIFS($B$6:$B$71, B40, $H$6:$H$71, H40), 0) -> 1
A41: 46436 | B41: (cancelled) | C41: 2762 | N41: =VLOOKUP(F41, Vendors!$B$4:$H$18, 6, FALSE) -> #N/A | O41: =IF(ISNUMBER(H41), COUNTIFS($B$6:$B$71, B41, $H$6:$H$71, H41), 0) -> 0
A42: 46436 | B42: Hebbal Tooling Solutions Private Limited | C42: 2764 | D42: HTS/26-27/0907 | E42: 46433 | F42: 29ZEMCH0865A1ZP | G42: Purchases – stores and consumables | H42: 332000 | K42: 59760 | M42: 391760 | N42: =VLOOKUP(F42, Vendors!$B$4:$H$18, 6, FALSE) -> – | O42: =IF(ISNUMBER(H42), COUNTIFS($B$6:$B$71, B42, $H$6:$H$71, H42), 0) -> 1
A43: 46440 | B43: Moshi Corrugators | C43: 2804 | D43: MC/26-27/256 | E43: 46440 | F43: 27YNLPL0717M1Z1 | G43: Purchases – packing materials | H43: 83520 | I43: 2088 | J43: 2088 | M43: 87696 | N43: =VLOOKUP(F43, Vendors!$B$4:$H$18, 6, FALSE) -> Micro | O43: =IF(ISNUMBER(H43), COUNTIFS($B$6:$B$71, B43, $H$6:$H$71, H43), 0) -> 1
A44: 46441 | B44: Hebbal Tooling Solutions Private Limited | C44: 2812 | D44: HTS/26-27/0912 | E44: 46438 | F44: 29ZEMCH0865A1ZP | G44: Purchases – stores and consumables | H44: 323500 | K44: 58230 | M44: 381730 | N44: =VLOOKUP(F44, Vendors!$B$4:$H$18, 6, FALSE) -> – | O44: =IF(ISNUMBER(H44), COUNTIFS($B$6:$B$71, B44, $H$6:$H$71, H44), 0) -> 1
A45: 46443 | B45: Mundhwa Lubricants and Chemicals | C45: 2833 | D45: MLC/26-27/1372 | E45: 46443 | F45: 27WHQFM7542F1ZX | G45: Purchases – stores and consumables | H45: 237800 | I45: 21402 | J45: 21402 | M45: 280604 | N45: =VLOOKUP(F45, Vendors!$B$4:$H$18, 6, FALSE) -> – | O45: =IF(ISNUMBER(H45), COUNTIFS($B$6:$B$71, B45, $H$6:$H$71, H45), 0) -> 1
A46: 46444 | B46: Moshi Corrugators | C46: 2846 | D46: MC/26-27/260 | E46: 46444 | F46: 27YNLPL0717M1Z1 | G46: Purchases – packing materials | H46: 84600 | I46: 2115 | J46: 2115 | M46: 88830 | N46: =VLOOKUP(F46, Vendors!$B$4:$H$18, 6, FALSE) -> Micro | O46: =IF(ISNUMBER(H46), COUNTIFS($B$6:$B$71, B46, $H$6:$H$71, H46), 0) -> 1
A47: 46444 | B47: Kolak Polypack Private Limited | C47: 2849 | D47: KP/26-27/1317 | E47: 46442 | F47: 24WGHCK4121C1Z7 | G47: Purchases – packing materials | H47: 125500 | K47: 22590 | M47: 148090 | N47: =VLOOKUP(F47, Vendors!$B$4:$H$18, 6, FALSE) -> Small | O47: =IF(ISNUMBER(H47), COUNTIFS($B$6:$B$71, B47, $H$6:$H$71, H47), 0) -> 1
A48: 46448 | B48: Moshi Corrugators | C48: 2892 | D48: MC/26-27/264 | E48: 46448 | F48: 27YNLPL0717M1Z1 | G48: Purchases – packing materials | H48: 88800 | I48: 2220 | J48: 2220 | M48: 93240 | N48: =VLOOKUP(F48, Vendors!$B$4:$H$18, 6, FALSE) -> Micro | O48: =IF(ISNUMBER(H48), COUNTIFS($B$6:$B$71, B48, $H$6:$H$71, H48), 0) -> 1
A49: 46450 | B49: Hebbal Tooling Solutions Private Limited | C49: 2912 | D49: HTS/26-27/0917 | E49: 46444 | F49: 29ZEMCH0865A1ZP | G49: Purchases – stores and consumables | H49: 320000 | K49: 57600 | M49: 377600 | N49: =VLOOKUP(F49, Vendors!$B$4:$H$18, 6, FALSE) -> – | O49: =IF(ISNUMBER(H49), COUNTIFS($B$6:$B$71, B49, $H$6:$H$71, H49), 0) -> 1
B50: (Recd 4-3-2027 vide GRN-2027-03-0052, LR 22184) | N50: =VLOOKUP(F50, Vendors!$B$4:$H$18, 6, FALSE) -> #N/A | O50: =IF(ISNUMBER(H50), COUNTIFS($B$6:$B$71, B50, $H$6:$H$71, H50), 0) -> 0
A51: 46451 | B51: Moshi Corrugators | C51: 2920 | D51: MC/26-27/266 | E51: 46451 | F51: 27YNLPL0717M1Z1 | G51: Purchases – packing materials | H51: 93600 | I51: 2340 | J51: 2340 | M51: 98280 | N51: =VLOOKUP(F51, Vendors!$B$4:$H$18, 6, FALSE) -> Micro | O51: =IF(ISNUMBER(H51), COUNTIFS($B$6:$B$71, B51, $H$6:$H$71, H51), 0) -> 1
A52: 46454 | B52: Mundhwa Lubricants and Chemicals | C52: 2954 | D52: MLC/26-27/1391 | E52: 46454 | F52: 27WHQFM7542F1ZX | G52: Purchases – stores and consumables | H52: 426300 | I52: 38367 | J52: 38367 | M52: 503034 | N52: =VLOOKUP(F52, Vendors!$B$4:$H$18, 6, FALSE) -> – | O52: =IF(ISNUMBER(H52), COUNTIFS($B$6:$B$71, B52, $H$6:$H$71, H52), 0) -> 1
B53: Carried Over | H53: 7932700 | I53: 271757 | J53: 271757 | K53: 666180 | M53: 9142394 | N53: =VLOOKUP(F53, Vendors!$B$4:$H$18, 6, FALSE) -> #N/A | O53: =IF(ISNUMBER(H53), COUNTIFS($B$6:$B$71, B53, $H$6:$H$71, H53), 0) -> 1
B54: Purchase Register · Page 3 | N54: =VLOOKUP(F54, Vendors!$B$4:$H$18, 6, FALSE) -> #N/A | O54: =IF(ISNUMBER(H54), COUNTIFS($B$6:$B$71, B54, $H$6:$H$71, H54), 0) -> 0
A55: Date | B55: Particulars | C55: Vch No. | D55: Supplier Inv No. | E55: Supplier Inv Date | F55: GSTIN/UIN | G55: Purchase Ledger | H55: Taxable Value | I55: CGST | J55: SGST | K55: IGST | L55: Round Off | M55: Gross Total | N55: =VLOOKUP(F55, Vendors!$B$4:$H$18, 6, FALSE) -> #N/A | O55: =IF(ISNUMBER(H55), COUNTIFS($B$6:$B$71, B55, $H$6:$H$71, H55), 0) -> 0
B56: Brought Forward | H56: 7932700 | I56: 271757 | J56: 271757 | K56: 666180 | M56: 9142394 | N56: =VLOOKUP(F56, Vendors!$B$4:$H$18, 6, FALSE) -> #N/A | O56: =IF(ISNUMBER(H56), COUNTIFS($B$6:$B$71, B56, $H$6:$H$71, H56), 0) -> 1
A57: 46455 | B57: Moshi Corrugators | C57: 2967 | D57: MC/26-27/270 | E57: 46455 | F57: 27YNLPL0717M1Z1 | G57: Purchases – packing materials | H57: 86880 | I57: 2172 | J57: 2172 | M57: 91224 | N57: =VLOOKUP(F57, Vendors!$B$4:$H$18, 6, FALSE) -> Micro | O57: =IF(ISNUMBER(H57), COUNTIFS($B$6:$B$71, B57, $H$6:$H$71, H57), 0) -> 1
A58: 46455 | B58: Kolak Polypack Private Limited | C58: 2970 | D58: KP/26-27/1326 | E58: 46452 | F58: 24WGHCK4121C1Z7 | G58: Purchases – packing materials | H58: 178600 | K58: 32148 | M58: 210748 | N58: =VLOOKUP(F58, Vendors!$B$4:$H$18, 6, FALSE) -> Small | O58: =IF(ISNUMBER(H58), COUNTIFS($B$6:$B$71, B58, $H$6:$H$71, H58), 0) -> 1
B59: (Being VCI bags and film, GRN-2027-03-0131) | N59: =VLOOKUP(F59, Vendors!$B$4:$H$18, 6, FALSE) -> #N/A | O59: =IF(ISNUMBER(H59), COUNTIFS($B$6:$B$71, B59, $H$6:$H$71, H59), 0) -> 0
A60: 46458 | B60: Moshi Corrugators | C60: 3001 | D60: MC/26-27/273 | E60: 46458 | F60: 27YNLPL0717M1Z1 | G60: Purchases – packing materials | H60: 91200 | I60: 2280 | J60: 2280 | M60: 95760 | N60: =VLOOKUP(F60, Vendors!$B$4:$H$18, 6, FALSE) -> Micro | O60: =IF(ISNUMBER(H60), COUNTIFS($B$6:$B$71, B60, $H$6:$H$71, H60), 0) -> 1
A61: 46459 | B61: Hebbal Tooling Solutions Private Limited | C61: 3008 | D61: HTS/26-27/0979 | E61: 46456 | F61: 29ZEMCH0865A1ZP | G61: Purchases – stores and consumables | H61: 258400 | K61: 46512 | M61: 304912 | N61: =VLOOKUP(F61, Vendors!$B$4:$H$18, 6, FALSE) -> – | O61: =IF(ISNUMBER(H61), COUNTIFS($B$6:$B$71, B61, $H$6:$H$71, H61), 0) -> 1
A62: 46463 | B62: Moshi Corrugators | C62: 3055 | D62: MC/26-27/277 | E62: 46463 | F62: 27YNLPL0717M1Z1 | G62: Purchases – packing materials | H62: 94080 | I62: 2352 | J62: 2352 | M62: 98784 | N62: =VLOOKUP(F62, Vendors!$B$4:$H$18, 6, FALSE) -> Micro | O62: =IF(ISNUMBER(H62), COUNTIFS($B$6:$B$71, B62, $H$6:$H$71, H62), 0) -> 1
A63: 46465 | B63: Mundhwa Lubricants and Chemicals | C63: 3076 | D63: MLC/26-27/1404 | E63: 46465 | F63: 27WHQFM7542F1ZX | G63: Purchases – stores and consumables | H63: 391840 | I63: 35265.6 | J63: 35265.6 | M63: 462371.2 | N63: =VLOOKUP(F63, Vendors!$B$4:$H$18, 6, FALSE) -> – | O63: =IF(ISNUMBER(H63), COUNTIFS($B$6:$B$71, B63, $H$6:$H$71, H63), 0) -> 1
A64: 46468 | B64: Moshi Corrugators | C64: 3110 | D64: MC/26-27/281 | E64: 46468 | F64: 27YNLPL0717M1Z1 | G64: Purchases – packing materials | H64: 89760 | I64: 2244 | J64: 2244 | M64: 94248 | N64: =VLOOKUP(F64, Vendors!$B$4:$H$18, 6, FALSE) -> Micro | O64: =IF(ISNUMBER(H64), COUNTIFS($B$6:$B$71, B64, $H$6:$H$71, H64), 0) -> 1
A65: 46473 | B65: Moshi Corrugators | C65: 3160 | D65: MC/26-27/286 | E65: 46473 | F65: 27YNLPL0717M1Z1 | G65: Purchases – packing materials | H65: 115200 | I65: 6912 | J65: 6912 | M65: 129024 | N65: =VLOOKUP(F65, Vendors!$B$4:$H$18, 6, FALSE) -> Micro | O65: =IF(ISNUMBER(H65), COUNTIFS($B$6:$B$71, B65, $H$6:$H$71, H65), 0) -> 1
A66: 46475 | B66: Hebbal Tooling Solutions Private Limited | C66: 3171 | D66: HTS/26-27/1042 | E66: 46470 | F66: 29ZEMCH0865A1ZP | G66: Purchases – stores and consumables | H66: 721600 | K66: 129888 | M66: 851488 | N66: =VLOOKUP(F66, Vendors!$B$4:$H$18, 6, FALSE) -> – | O66: =IF(ISNUMBER(H66), COUNTIFS($B$6:$B$71, B66, $H$6:$H$71, H66), 0) -> 1
A67: 46475 | B67: Kolak Polypack Private Limited | C67: 3173 | D67: KP/26-27/1342 | E67: 46471 | F67: 24WGHCK4121C1Z7 | G67: Purchases – packing materials | H67: 212400 | K67: 38232 | M67: 250632 | N67: =VLOOKUP(F67, Vendors!$B$4:$H$18, 6, FALSE) -> Small | O67: =IF(ISNUMBER(H67), COUNTIFS($B$6:$B$71, B67, $H$6:$H$71, H67), 0) -> 1
A68: 46476 | B68: Moshi Corrugators | C68: 3195 | D68: MC/26-27/289 | E68: 46476 | F68: 27YNLPL0717M1Z1 | G68: Purchases – packing materials | H68: 88480 | I68: 2212 | J68: 2212 | M68: 92904 | N68: =VLOOKUP(F68, Vendors!$B$4:$H$18, 6, FALSE) -> Micro | O68: =IF(ISNUMBER(H68), COUNTIFS($B$6:$B$71, B68, $H$6:$H$71, H68), 0) -> 1
A69: 46477 | B69: Mundhwa Lubricants and Chemicals | C69: 3219 | D69: MLC/26-27/1418 | E69: 46477 | F69: 27WHQFM7542F1ZX | G69: Purchases – stores and consumables | H69: 244860 | I69: 22037.4 | J69: 22037.4 | L69: 0.2 | M69: 288935 | N69: =VLOOKUP(F69, Vendors!$B$4:$H$18, 6, FALSE) -> – | O69: =IF(ISNUMBER(H69), COUNTIFS($B$6:$B$71, B69, $H$6:$H$71, H69), 0) -> 1
N70: =VLOOKUP(F70, Vendors!$B$4:$H$18, 6, FALSE) -> #N/A | O70: =IF(ISNUMBER(H70), COUNTIFS($B$6:$B$71, B70, $H$6:$H$71, H70), 0) -> 0
B71: Grand Total | H71: 10506000 | I71: 347232 | J71: 347232 | K71: 912960 | L71: 0.2 | M71: 12113424 | N71: =VLOOKUP(F71, Vendors!$B$4:$H$18, 6, FALSE) -> #N/A | O71: =IF(ISNUMBER(H71), COUNTIFS($B$6:$B$71, B71, $H$6:$H$71, H71), 0) -> 1

Sheet Register
D1: Your register
D2: Bills only: one row per bill, January–March 2027, from row 6. Headings stay in row 5.
A3: Paste a copy from Raw, then clean it here: rows 6 to the last bill, no gaps, nothing that is not a bill.
A4: Column N: each bill’s MSME status from Vendors, with an exact-match lookup on the GSTIN in column F.
A5: Date | B5: Particulars | C5: Vch No. | D5: Supplier Inv No. | E5: Supplier Inv Date | F5: GSTIN/UIN | G5: Purchase Ledger | H5: Taxable Value | I5: CGST | J5: SGST | K5: IGST | L5: Round Off | M5: Gross Total | N5: MSME status

Sheet Tie
D1: Tie the register to the TB
D2: January–March 2027 · whole rupees
B4: Line | C4: Purchases – packing materials | D4: Purchases – stores and consumables | F4: How to fill it
B5: Varun’s SUMIFS on the raw sheet | C5: =SUMIFS(Varun!$H$6:$H$71, Varun!$G$6:$G$71, C$4) -> 3278500 | D5: =SUMIFS(Varun!$H$6:$H$71, Varun!$G$6:$G$71, D$4) -> 7430000 | F5: Corrections: plus adds back, minus takes out.
B6: Correction 1 (which row, and why) | F6: Your register: SUMIFS on the Register sheet.
B7: Correction 2 (which row, and why) | F7: TB: the column that covers January–March.
B8: Your register, January–March | F8: Difference: register less TB.
B9: TB, the same three months | F9: Enter the figures in the Work Simulation.
B10: Difference

Sheet Pivot
D1: Supplier by month
D2: A PivotTable from your register
A4: Build it here
A5: Source: your register, Register!A5:N55, headings included.
A6: Rows: Purchase Ledger, then Particulars. Columns: Date, grouped by month.
A7: Values: Sum of Taxable Value (a Count means a blank cell or a text amount is still in the source).
A8: Read each supplier across, January to March.
A9: What one point would you give Rehan? Write it in the Work Simulation.
